L1,L2,L3,GROUP_DVS_CD,관리 계정 코드,계정코드,,계정명,,원가종류,계정구분,상위계정,계정코드,,계정명,,원가종류,계정구분,상위계정,계정코드,,계정명,,계정코드,,계정명,,계정코드,,계정명
인건비,급여,기본급/상여/성과급,,HR-101,60110101,1,급여(임.직원),,일반관리비,판매비및일반관리비 (6011),급여 (601101),60110101,1,급여(임.직원),,일반관리비,판매비및일반관리비 (6011),급여 (601101),60110101,1,급여(임.직원),,505,,지원 임금,,505,,지원 임금
,,,,HR-101,60110103,1,"급여(연,월차)",,일반관리비,판매비및일반관리비 (6011),급여 (601101),60110103,1,"급여(연,월차)",,일반관리비,판매비및일반관리비 (6011),급여 (601101),60110103,1,"급여(연,월차)",,504,,설계 임금,,504,,공무 임금
,,,,HR-101,60110701,1,임금,,일반관리비,판매비및일반관리비 (6011),임금 (601107),60110701,1,임금,,,,,,,,,503,,시공 임금,,503,,설계 임금
,,,,HR-101,60110501,1,상여금(임.직원),,일반관리비,판매비및일반관리비 (6011),상여금 (601105),60110501,1,상여금(임.직원),,일반관리비,판매비및일반관리비 (6011),상여금 (601105),60110501,1,상여금(임.직원),,502,,공무 임금,,502,,시공 임금
,,,,HR-101,60111401,1,잡급(일용노무),,일반관리비,판매비및일반관리비 (6011),잡급(일용노무) (601114),60111401,1,잡급(일용노무),,일반관리비,판매비및일반관리비 (6011),잡급 (601107),60110701,1,잡급,,501,,관리 임금,,501,,관리 임금
,,,,HR-101,60114713,1,경상시험연구비(임금),,일반관리비,판매비및일반관리비 (6011),경상시험연구비 (601147),60114713,1,경상시험연구비(임금),,일반관리비,판매비및일반관리비 (6011),경상시험연구비 (601147),60114713,1,경상시험연구비(임금),,724,,노무비,,508,,생산직(일) 노무비
,,,,HR-101,60114701,1,경상시험연구비(급여),,일반관리비,판매비및일반관리비 (6011),경상시험연구비 (601147),60114701,1,경상시험연구비(급여),,일반관리비,판매비및일반관리비 (6011),경상시험연구비 (601147),60114701,1,경상시험연구비(급여),,,,,,507,,생산직(계) 임금
,,,,HR-101,60114702,1,경상시험연구비(연월차),,일반관리비,판매비및일반관리비 (6011),경상시험연구비 (601147),60114702,1,경상시험연구비(연월차),,일반관리비,판매비및일반관리비 (6011),경상시험연구비 (601147),60114702,1,경상시험연구비(연월차),,,,,,506,,생산관리 임금
,,,,HR-101,60114709,1,경상시험연구비(상여금),,일반관리비,판매비및일반관리비 (6011),경상시험연구비 (601147),60114709,1,경상시험연구비(상여금),,일반관리비,판매비및일반관리비 (6011),경상시험연구비 (601147),60114709,1,경상시험연구비(상여금),,,,,,610,,노무비
,,,,HR-101,50120101,1,원가)급여(임.직원),,용역원가,노무비 (5012),원가)급여 (501201),50120101,1,원가)급여(임.직원),,용역원가,노무비 (5012),원가)급여 (501201),50120101,1,원가)급여(임.직원),,,,,,,,
,,,,HR-101,50120103,1,"원가)급여(연,월차)",,용역원가,노무비 (5012),원가)급여 (501201),50120103,1,"원가)급여(연,월차)",,용역원가,노무비 (5012),원가)급여 (501201),50120103,1,"원가)급여(연,월차)",,,,,,,,
,,,,HR-101,50121501,1,원가)연구비(급여),,용역원가,노무비 (5012),원가)연구비(급여) (501215),50121501,1,원가)연구비(급여),,용역원가,노무비 (5012),원가)연구비(급여) (501215),50121501,1,원가)연구비(급여),,,,,,,,
,,,,HR-101,50120501,1,원가)상여금(임.직원),,용역원가,노무비 (5012),원가)상여금 (501205),50120501,1,원가)상여금(임.직원),,용역원가,노무비 (5012),원가)상여금 (501205),50120501,1,원가)상여금(임.직원),,,,,,,,
,,,,HR-101,50120701,1,원가)임금,,용역원가,노무비 (5012),원가)임금 (501207),50120701,1,원가)임금,,,,,,,,,,,,,,,
,,,,HR-101,50121401,1,원가)잡급(일용노무),,용역원가,노무비 (5012),원가)잡급(일용노무),50121401,1,원가)잡급(일용노무),,용역원가,노무비 (5012),원가)잡급 (501207),50120701,1,원가)잡급,,,,,,,,
,,제경비,,HR-102,60110301,1,제수당(임.직원),,일반관리비,판매비및일반관리비 (6011),제수당 (601103),60110301,1,제수당(임.직원),,일반관리비,판매비및일반관리비 (6011),제수당 (601103),60110301,1,제수당(임.직원),,,,,,,,
,,,,HR-102,60114705,1,경상시험연구비(제수당),,일반관리비,판매비및일반관리비 (6011),경상시험연구비 (601147),60114705,1,경상시험연구비(제수당),,일반관리비,판매비및일반관리비 (6011),경상시험연구비 (601147),60114705,1,경상시험연구비(제수당),,,,,,,,
,,,,HR-102,50120301,1,원가)제수당(임.직원),,용역원가,노무비 (5012),원가)제수당 (501203),50120301,1,원가)제수당(임.직원),,용역원가,노무비 (5012),원가)제수당 (501203),50120301,1,원가)제수당(임.직원),,,,,,,,
,,퇴직급여,,HR-103,60110901,1,퇴직급여,,일반관리비,판매비및일반관리비 (6011),퇴직급여 (601109),60110901,1,퇴직급여,,일반관리비,판매비및일반관리비 (6011),퇴직급여 (601109),60110901,1,퇴직급여,,515,,지원 퇴직금,,558,,생산직(일) 퇴직금
,,,,HR-103,60111101,1,퇴직금,,일반관리비,판매비및일반관리비 (6011),퇴직금 (601111),60111101,1,퇴직금,,일반관리비,판매비및일반관리비 (6011),퇴직금 (601111),60111101,1,퇴직금,,514,,설계 퇴직금,,557,,생산직(계) 퇴직금
,,,,HR-103,60114715,1,경상시험연구비(퇴직급여),,일반관리비,판매비및일반관리비 (6011),경상시험연구비 (601147),60114715,1,경상시험연구비(퇴직급여),,일반관리비,판매비및일반관리비 (6011),경상시험연구비 (601147),60114715,1,경상시험연구비(퇴직급여),,513,,시공 퇴직금,,556,,생산관리 퇴직금
,,,,HR-103,50120901,1,원가)퇴직급여,,용역원가,노무비 (5012),원가)퇴직급여 (501209),50120901,1,원가)퇴직급여,,용역원가,노무비 (5012),원가)퇴직급여 (501209),50120901,1,원가)퇴직급여,,512,,공무 퇴직금,,555,,지원 퇴직금
,,,,HR-103,50120903,1,원가)퇴직급여(기타),,용역원가,노무비 (5012),원가)퇴직급여 (501209),50120903,1,원가)퇴직급여(기타),,용역원가,노무비 (5012),원가)퇴직급여 (501209),50120903,1,원가)퇴직급여(기타),,511,,관리 퇴직금,,554,,공무 퇴직금
,,,,HR-103,50121101,1,원가)퇴직금,,용역원가,노무비 (5012),원가)퇴직금 (501211),50121101,1,원가)퇴직금,,용역원가,노무비 (5012),원가)퇴직금 (501211),50121101,1,원가)퇴직금,,,,,,553,,설계 퇴직금
,,,,HR-103,20310901,1,퇴직급여충당금,,,고정부채 (2031),퇴직급여충당금 (203109),20310901,1,퇴직급여충당금,,,고정부채 (2031),퇴직급여충당금 (203109),20310901,1,퇴직급여충당금,,,,,,552,,시공 퇴직금
,,,,HR-103,20310903,1,퇴직급여충당금(사간전보),,,고정부채 (2031),퇴직급여충당금 (203109),20310903,1,퇴직급여충당금(사간전보),,,고정부채 (2031),퇴직급여충당금 (203109),20310903,1,퇴직급여충당금(사간전보),,,,,,551,,관리 퇴직금
,,,,HR-103,20311701,1,퇴직보험예치금,,,고정부채 (2031),퇴직보험예치금 (203117),20311701,1,퇴직보험예치금,,,고정부채 (2031),퇴직보험예치금 (203117),20311701,1,퇴직보험예치금,,,,,,563,,퇴직급여
,,,,HR-103,20311801,1,퇴직연금운용자산,,,고정부채 (2031),퇴직연금운용자산 (203118),20311801,1,퇴직연금운용자산,,,고정부채 (2031),퇴직연금운용자산 (203118),20311801,1,퇴직연금운용자산,,,,,,562,,일용직 퇴직금
,4대보험,국민연금,,HR-201,60114919,1,세금과공과(국민연금),,일반관리비,판매비및일반관리비 (6011),세금과공과 (601149),60114919,1,세금과공과(국민연금),,일반관리비,판매비및일반관리비 (6011),세금과공과 (601149),60114919,1,세금과공과(국민연금),,523,,4대보험,,561,,4대보험
,,,,HR-201,60115717,1,복리후생비(국민연금),,일반관리비,판매비및일반관리비 (6011),복리후생비 (601157),60115717,1,복리후생비(국민연금),,일반관리비,판매비및일반관리비 (6011),복리후생비 (601157),60115717,1,복리후생비(국민연금),,,,,,,,
,,,,HR-201,,,,,"일반관리비	판매비및일반관리비 (6011)	경상시험연구비 (601147)",,,60114777,1,경상시험연구비(국민연금),,일반관리비,판매비및일반관리비 (6011),경상연구개발비 (601147),60114777,1,경상시험연구비(국민연금),,,,,,,,
,,,,HR-201,50152523,1,원가)복리후생비(국민연금),,용역원가,경 비 (5015),원가)복리후생비 (501525),50152523,1,원가)복리후생비(국민연금),,용역원가,경 비 (5015),원가)복리후생비 (501525),50152523,1,원가)복리후생비(국민연금),,,,,,,,
,,,,HR-201,50151719,1,원가)세금과공과(국민연금),,용역원가,경 비 (5015),원가)세금과공과 (501517),50151719,1,원가)세금과공과(국민연금),,용역원가,경 비 (5015),원가)세금과공과 (501517),50151719,1,원가)세금과공과(국민연금),,,,,,,,
,,,,HR-201,20111507,1,예수금(국민연금),,,유동부채 (2011),예수금 (201115),20111507,1,예수금(국민연금),,,유동부채 (2011),예수금 (201115),20111507,1,예수금(국민연금),,,,,,,,
,,건강보험료,,HR-202,60115715,1,복리후생비(건강보험료),,일반관리비,판매비및일반관리비 (6011),복리후생비 (601157),60115715,1,복리후생비(건강보험료),,일반관리비,판매비및일반관리비 (6011),복리후생비 (601157),60115715,1,복리후생비(건강보험료),,,,,,,,
,,,,HR-202,20111505,1,예수금(건강보험료),,일반관리비,유동부채 (2011),예수금 (201115),20111505,1,예수금(건강보험료),,일반관리비,유동부채 (2011),예수금 (201115),20111505,1,예수금(건강보험료),,,,,,,,
,,,,HR-202,,,,,일반관리비,판매비및일반관리비 (6011),경상시험연구비 (601147),60114775,1,경상시험연구비(건강보험료),,일반관리비,판매비및일반관리비 (6011),경상연구개발비 (601147),60114775,1,경상시험연구비(의료보험료),,,,,,,,
,,,,HR-202,50152521,1,원가)복리후생비(건강보험료),,용역원가,경 비 (5015),원가)복리후생비 (501525),50152521,1,원가)복리후생비(건강보험료),,용역원가,경 비 (5015),원가)복리후생비 (501525),50152521,1,원가)복리후생비(건강보험료),,,,,,,,
,,고용보험료,,HR-203,60115723,1,복리후생비(고용보험료),,일반관리비,판매비및일반관리비 (6011),복리후생비 (601157),60115723,1,복리후생비(고용보험료),,일반관리비,판매비및일반관리비 (6011),복리후생비 (601157),60115723,1,복리후생비(고용보험료),,,,,,,,
,,,,HR-203,60115117,1,보험료(고용보험료),,일반관리비,판매비및일반관리비 (6011),보험료 (601151),60115117,1,보험료(고용보험료),,일반관리비,판매비및일반관리비 (6011),보험료 (601151),60115117,1,보험료(고용보험료),,,,,,,,
,,,,HR-203,50152529,1,원가)복리후생비(고용보험료),,용역원가,경 비 (5015),원가)복리후생비 (501525),50152529,1,원가)복리후생비(고용보험료),,용역원가,경 비 (5015),원가)복리후생비 (501525),50152529,1,원가)복리후생비(고용보험료),,,,,,,,
,,,,HR-203,50151917,1,원가)보험료(고용보험료),,용역원가,경 비 (5015),원가)보험료 (501519),50151917,1,원가)보험료(고용보험료),,용역원가,경 비 (5015),원가)보험료 (501519),50151917,1,원가)보험료(고용보험료),,,,,,,,
,,,,HR-203,20111509,1,예수금(고용보험료(직원)),,,유동부채 (2011),예수금 (201115),20111509,1,예수금(고용보험료(직원)),,,유동부채 (2011),예수금 (201115),20111509,1,예수금(고용보험료(직원)),,,,,,,,
,,,,HR-203,20111511,1,예수금(고용보험료(임직)),,,유동부채 (2011),예수금 (201115),20111511,1,예수금(고용보험료(임직)),,,유동부채 (2011),예수금 (201115),20111511,1,예수금(고용보험료(임직)),,,,,,,,
,,산재보험,,HR-204,60115721,1,복리후생비(산재보험료),,일반관리비,판매비및일반관리비 (6011),보험료 (601151),60115721,1,복리후생비(산재보험료),,일반관리비,판매비및일반관리비 (6011),보험료 (601151),60115721,1,복리후생비(산재보험료),,,,,,,,
,,,,HR-204,60115119,1,보험료(산재보험료),,일반관리비,판매비및일반관리비 (6011),보험료 (601151),60115119,1,보험료(산재보험료),,일반관리비,판매비및일반관리비 (6011),보험료 (601151),60115119,1,보험료(산재보험료),,,,,,,,
,,,,HR-204,50152527,1,원가)복리후생비(산재보험료),,용역원가,경 비 (5015),원가)복리후생비 (501525),50152527,1,원가)복리후생비(산재보험료),,용역원가,경 비 (5015),원가)복리후생비 (501525),50152527,1,원가)복리후생비(산재보험료),,,,,,,,
,,,,HR-204,50151919,1,원가)보험료(산재보험료),,용역원가,경 비 (5015),원가)보험료 (501519),50151919,1,원가)보험료(산재보험료),,용역원가,경 비 (5015),원가)보험료 (501519),50151919,1,원가)보험료(산재보험료),,,,,,,,
기술/인프라비,S/W,SW 구매(영구),ETC,IT-101,10332707,1,공구와기구(소프트웨어),,일반관리비,유형자산 (1033),공구와기구 (103327),10332707,1,공구와기구(소프트웨어),,일반관리비,유형자산 (1033),공구와기구 (103327),10332707,1,공구와기구(소프트웨어),,210,,공구와기구,,,,
,,,ETC,IT-101,10352101,1,소프트웨어,,,무형자산 (1035),소프트웨어 (103521),10352101,1,소프트웨어,,,무형자산 (1035),소프트웨어 (103521),10352101,1,소프트웨어,,,,,,,,
,,SW구매(구독),ETC,IT-102,60116305,1,지급수수료(소프트웨어),,일반관리비,판매비및일반관리비 (6011),지급수수료 (601163),60116305,1,지급수수료(소프트웨어),,일반관리비,판매비및일반관리비 (6011),경상시험연구비 (601147),60114773,1,경상시험연구비(소프트웨어(정보화투자)),,,,,,,,
,,,ETC,IT-102,60114735,1,경상시험연구비(지급수수료(정보화투자)),,일반관리비,판매비및일반관리비 (6011),경상시험연구비 (601147),60114735,1,경상시험연구비(지급수수료(정보화투자)),,일반관리비,판매비및일반관리비 (6011),경상시험연구비 (601147),60114735,1,경상시험연구비(지급수수료(정보화투자)),,,,,,,,
,,,ETC,IT-102,50153107,1,원가)지급수수료(소프트웨어),,용역원가,경 비 (5015),원가)지급수수료 (501531),50153107,1,원가)지급수수료(소프트웨어),,,,,,,,,,,,,,,
,H/W,PC/노트북/모니터,ETC,IT-201,60114305,1,소모품비(전산용품비),,일반관리비,판매비및일반관리비,소모품비 (601143),60114305,1,소모품비(전산용품비),,일반관리비,판매비및일반관리비,소모품비 (601143),60114305,1,소모품비(전산용품비),,830,,소모품비,,,,
,,,ETC,IT-201,60114739,1,경상시험연구비(소모품비),,일반관리비,판매비및일반관리비 (6011),경상시험연구비 (601147),60114739,1,경상시험연구비(소모품비),,일반관리비,판매비및일반관리비 (6011),경상시험연구비 (601147),60114739,1,경상시험연구비(소모품비),,,,,,,,
,,,ETC,IT-201,10332705,1,공구와기구(전산하드웨어),,,유형자산 (1033),공구와기구 (103327),10332705,1,공구와기구(전산하드웨어),,,유형자산 (1033),공구와기구 (103327),10332705,1,공구와기구(전산하드웨어),,,,,,,,
,,서버,ETC,IT-202,10330701,1,시설장치,,일반관리비,유형자산 (1033),시설장치 (103307),10330701,1,시설장치,,일반관리비,유형자산 (1033),시설장치 (103307),10333701,1,시설장치,,219,,시설장치,,206,,기계장치(설비)
,,,ETC,IT-202,10330901,1,시설장치감가상각누계액,,일반관리비,유형자산 (1033),시설장치감가상각누계액 (103309),10330901,1,시설장치감가상각누계액,,일반관리비,유형자산 (1033),시설장치감가상각누계액 (103309),10333901,1,시설장치감가상각누계액,,206,,기계장치,,,,
,,,ETC,IT-202,10331101,1,기계장치,,,유형자산 (1033),기계장치 (103311),10331101,1,기계장치,,,유형자산 (1033),기계장치 (103311),10331101,1,기계장치,,,,,,,,
,,,ETC,IT-202,10331301,1,기계장치감가상각누계액,,,유형자산 (1033),기계장치감가상각누계액 (103313),10331301,1,기계장치감가상각누계액,,,유형자산 (1033),기계장치감가상각누계액 (103313),10331301,1,기계장치감가상각누계액,,,,,,,,
,,GPU(보유형),ETC,IT-203,10333701,1,연구기자재,,일반관리비,유형자산 (1033),연구기자재 (103337),10333701,1,연구기자재,,,,,,,,,,,,,,,
,,,ETC,IT-203,10333801,1,연구기자재감가상각누계액,,일반관리비,유형자산 (1033),연구기자재감가상각누계액 (103338),10333801,1,연구기자재감가상각누계액,,,,,,,,,,,,,,,
,,소모품,ETC,IT-204,60114307,1,소모품비(전산용품비(공통)),,일반관리비,판매비및일반관리비,소모품비 (601143),60114307,1,소모품비(전산용품비(공통)),,일반관리비,판매비및일반관리비,소모품비 (601143),60114307,1,소모품비(전산용품비(공통)),,,,,,,,
,,,ETC,IT-204,50151305,1,원가)소모품비(전산용품비),,용역원가,경 비 (5015),원가)소모품비 (501513),50151305,1,원가)소모품비(전산용품비),,용역원가,경 비 (5015),원가)소모품비 (501513),50151305,1,원가)소모품비(전산용품비),,,,,,,,
,,,ETC,IT-204,,,,,,,,,,,,용역원가,경 비 (5015),원가)소모품비 (501513),50151307,1,원가)소모품비(전산용품비(현장)),,,,,,,,
,,HW 수선비,ETC,IT-205,60113707,1,수선비(전산),,일반관리비,판매비및일반관리비 (6011),수선비 (601137),60113707,1,수선비(전산),,일반관리비,판매비및일반관리비 (6011),수선비 (601137),60113707,1,수선비(전산),,,,,,,,
,,,ETC,IT-205,50150707,1,원가)수선비(전산),,용역원가,경 비 (5015),원가)수선비 (501507),50150707,1,원가)수선비(전산),,용역원가,경 비 (5015),원가)수선비 (501507),50150707,1,원가)수선비(전산),,,,,,,,
,클라우드/인프라,클라우드/인프라,ETC,IT-301,60116399,1,지급수수료(기타),,일반관리비,판매비및일반관리비 (6011),지급수수료 (601163),60116399,1,지급수수료(기타),,일반관리비,판매비및일반관리비 (6011),지급수수료 (601163),60116399,1,지급수수료(기타),,,,,,,,
,,,ETC,IT-301,60114733,1,경상시험연구비(지급수수료),,일반관리비,판매비및일반관리비 (6011),경상시험연구비 (601147),60114733,1,경상시험연구비(지급수수료),,일반관리비,판매비및일반관리비 (6011),경상시험연구비 (601147),60114733,1,경상시험연구비(지급수수료),,,,,,,,
,,,ETC,IT-301,50153199,1,원가)지급수수료(기타),,용역원가,경 비 (5015),원가)지급수수료 (501531),50153199,1,원가)지급수수료(기타),,용역원가,경 비 (5015),원가)지급수수료 (501531),50153199,1,원가)지급수수료(기타),,,,,,,,
,,,ETC,IT-301,,,,,,,,,,,,,,,,,,,,,,,,,
,,,ETC,IT-301,,,,,,,,,,,,,,,,,,,,,,,,,
,,,ETC,IT-301,,,,,,,,,,,,,,,,,,,,,,,,,
,,,ETC,IT-301,,,,,,,,,,,,,,,,,,,,,,,,,
,보안/도메인,보안/도메인,ETC,IT-401,60116101,1,"통신비(전화,TV,인터넷)",,일반관리비,판매비및일반관리비 (6011),통신비 (601161),60116101,1,"통신비(전화,TV,인터넷)",,일반관리비,판매비및일반관리비 (6011),통신비 (601161),60116105,1,통신비(PC통신및인터넷),,,,,,,,
,,,ETC,IT-401,50152901,1,"원가)통신비(전화,TV,인터넷)",,용역원가,경 비 (5015),원가)통신비 (501529),50152901,1,"원가)통신비(전화,TV,인터넷)",,용역원가,경 비 (5015),원가)통신비 (501529),50152905,1,원가)통신비(PC통신및인터넷),,,,,,,,
,,,ETC,IT-401,,,,,,,,,,,,,,,,,,,,,,,,,
마케팅/세일즈,홍보,홍보,ETC,MK-101,60115599,1,광고선전비(기타),,일반관리비,판매비및일반관리비,광고선전비 (601155),60115599,1,광고선전비(기타),,일반관리비,판매비및일반관리비,광고선전비 (601155),60115599,1,광고선전비(기타),,827,,광고선전비,,833,,광고선전비
,,,ETC,MK-101,,,,,일반관리비,판매비및일반관리비,광고선전비 (601155),60115501,1,광고선전비(신문광고료),,일반관리비,판매비및일반관리비 (6011),광고선전비 (601155),60115501,1,광고선전비(신문광고료),,,,,,,,
,,,ETC,MK-101,60114199,1,지급임차료(기타),,일반관리비,판매비및일반관리비 (6011),지급임차료 (601141),60114199,1,지급임차료(기타),,일반관리비,판매비및일반관리비 (6011),지급임차료 (601141),60114199,1,지급임차료(기타),,,,,,,,
,,,ETC,MK-101,60114505,1,도서인쇄비(현수막),,일반관리비,판매비및일반관리비 (6011),도서인쇄비 (601145),60114505,1,도서인쇄비(현수막),,,,,,,,,,,,,,,
,,,ETC,MK-101,60114507,1,도서인쇄비(인쇄비),,일반관리비,판매비및일반관리비 (6011),도서인쇄비 (601145),60114507,1,도서인쇄비(인쇄비),,일반관리비,판매비및일반관리비 (6011),도서인쇄비 (601145),60114507,1,도서인쇄비(인쇄비),,,,,,,,
,,,ETC,MK-101,60114781,1,경상시험연구비(광고선전비),,일반관리비,판매비및일반관리비 (6011),경상시험연구비 (601147),60114781,1,경상시험연구비(광고선전비),,일반관리비,판매비및일반관리비 (6011),경상시험연구비 (601147),60114781,1,경상시험연구비(광고선전비),,,,,,,,
,,,ETC,MK-101,50152301,1,원가)광고선전비(신문광고료),,용역원가,경 비 (5015),원가)광고선전비 (501523),50152301,1,원가)광고선전비(신문광고료),,용역원가,경 비 (5015),원가)광고선전비 (501523),50152301,1,원가)광고선전비(신문광고료),,,,,,,,
,,,ETC,MK-101,50152399,1,원가)광고선전비(기타),,용역원가,경 비 (5015),원가)광고선전비 (501523),50152399,1,원가)광고선전비(기타),,용역원가,경 비 (5015),원가)광고선전비 (501523),50152399,1,원가)광고선전비(기타),,,,,,,,
,,,ETC,MK-101,50151505,1,원가)도서인쇄비(현수막),,용역원가,경 비 (5015),원가)도서인쇄비 (501515),50151505,1,원가)도서인쇄비(현수막),,,,,,,,,,,,,,,
,,,ETC,MK-101,50151507,1,원가)도서인쇄비(인쇄비),,용역원가,경 비 (5015),원가)도서인쇄비 (501515),50151507,1,원가)도서인쇄비(인쇄비),,용역원가,경 비 (5015),원가)도서인쇄비 (501515),50151507,1,원가)도서인쇄비(인쇄비),,,,,,,,
,,,ETC,MK-101,50152533,1,원가)복리후생비(행사비),,용역원가,경 비 (5015),원가)복리후생비 (501525),50152533,1,원가)복리후생비(행사비),,용역원가,경 비 (5015),원가)복리후생비 (501525),50152533,1,원가)복리후생비(행사비),,,,,,,,
,외부활동비,고객관리비,WELFARE,MK-201,60115301,1,접대비,,일반관리비,판매비및일반관리비 (6011),접대비 (601153),60115301,1,접대비,,일반관리비,판매비및일반관리비 (6011),접대비 (601153),60115301,1,접대비,,813,,접대비,,813,,접대비
,,,WELFARE,MK-201,,,,,일반관리비,판매비및일반관리비 (6011),접대비 (601153),60115305,1,접대비(경조금),,일반관리비,판매비및일반관리비 (6011),접대비 (601153),60115305,1,접대비(경조금),,,,,,713,,접대비
,,,WELFARE,MK-201,,,,,일반관리비,판매비및일반관리비 (6011),접대비 (601153),60115307,1,접대비(화환대),,일반관리비,판매비및일반관리비 (6011),접대비 (601153),60115307,1,접대비(화환대),,,,,,,,
,,,WELFARE,MK-201,,,,,일반관리비,판매비및일반관리비 (6011),접대비 (601153),60115399,1,접대비(공통),,일반관리비,판매비및일반관리비 (6011),접대비 (601153),60115399,1,접대비(공통),,,,,,,,
,,,WELFARE,MK-201,60114755,1,경상시험연구비(접대비),,일반관리비,판매비및일반관리비 (6011),경상시험연구비 (601147),60114755,1,경상시험연구비(접대비),,일반관리비,판매비및일반관리비 (6011),경상시험연구비 (601147),60114755,1,경상시험연구비(접대비),,,,,,,,
,,,WELFARE,MK-201,50152101,1,원가)접대비,,용역원가,경 비 (5015),원가)접대비 (501521),50152101,1,원가)접대비,,용역원가,경 비 (5015),원가)접대비 (501521),50152101,1,원가)접대비,,,,,,,,
,,,WELFARE,MK-201,50152103,1,원가)접대비(현장),,용역원가,경 비 (5015),원가)접대비 (501521),50152103,1,원가)접대비(현장),,용역원가,경 비 (5015),원가)접대비 (501521),50152103,1,원가)접대비(현장),,,,,,,,
,,,WELFARE,MK-201,50152107,1,원가)접대비(경조금),,용역원가,경 비 (5015),원가)접대비 (501521),50152107,1,원가)접대비(경조금),,용역원가,경 비 (5015),원가)접대비 (501521),50152107,1,원가)접대비(경조금),,,,,,,,
,,,WELFARE,MK-201,50152109,1,원가)접대비(화환대),,용역원가,경 비 (5015),원가)접대비 (501521),50152109,1,원가)접대비(화환대),,용역원가,경 비 (5015),원가)접대비 (501521),50152109,1,원가)접대비(화환대),,,,,,,,
,,,WELFARE,MK-201,50154703,1,원가)회의비(현장),,용역원가,경 비 (5015),원가)회의비 (501547),50154703,1,원가)회의비(현장),,용역원가,경 비 (5015),원가)회의비 (501547),50154703,1,원가)회의비(현장),,,,,,,,
,,,WELFARE,MK-201,50152199,1,원가)접대비(기타),,용역원가,경 비 (5015),원가)접대비 (501521),50152199,1,원가)접대비(기타),,용역원가,경 비 (5015),원가)접대비 (501521),50152199,1,원가)접대비(기타),,,,,,,,
운영비(인적복지),복리후생,회식,WELFARE,WF-101,60115705,1,복리후생비(회식대),,일반관리비,판매비및일반관리비 (6011),복리후생비 (601157),60115705,1,복리후생비(회식대),,일반관리비,판매비및일반관리비 (6011),복리후생비 (601157),60115705,1,복리후생비(회식대),,736,,복리후생비,,"811

711",,"복리후생비

복리후생비"
,,,WELFARE,WF-101,50152507,1,원가)복리후생비(회식대),,용역원가,경 비 (5015),원가)복리후생비 (501525),50152507,1,원가)복리후생비(회식대),,용역원가,경 비 (5015),원가)복리후생비 (501525),50152507,1,원가)복리후생비(회식대),,,,,,,,
,,,WELFARE,WF-101,50152509,1,원가)복리후생비(회식대(현장)),,용역원가,경 비 (5015),원가)복리후생비 (501525),50152509,1,원가)복리후생비(회식대(현장)),,용역원가,경 비 (5015),원가)복리후생비 (501525),50152509,1,원가)복리후생비(회식대(현장)),,,,,,,,
,,식대,WELFARE,WF-102,,,,,일반관리비,판매비및일반관리비 (6011),복리후생비 (601157),60115701,1,복리후생비(야근식대),,일반관리비,판매비및일반관리비 (6011),복리후생비 (601157),60115703,1,복리후생비(식대),,,,,,,,
,,,WELFARE,WF-102,,,,,일반관리비,판매비및일반관리비 (6011),복리후생비 (601157),60115703,1,복리후생비(외근식대),,일반관리비,판매비및일반관리비 (6011),복리후생비 (601157),60115701,1,복리후생비(야근식대),,,,,,,,
,,,WELFARE,WF-102,50152503,1,원가)복리후생비(야근식대),,용역원가,경 비 (5015),원가)복리후생비 (501525),50152503,1,원가)복리후생비(야근식대),,용역원가,경 비 (5015),원가)복리후생비 (501525),50152503,1,원가)복리후생비(야근식대),,,,,,,,
,,,WELFARE,WF-102,50152501,1,원가)복리후생비(외근식대(현장)),,용역원가,경 비 (5015),원가)복리후생비 (501525),50152501,1,원가)복리후생비(외근식대(현장)),,용역원가,경 비 (5015),원가)복리후생비 (501525),50152501,1,원가)복리후생비(외근식대(현장)),,,,,,,,
,,,WELFARE,WF-102,50152505,1,원가)복리후생비(외근식대),,용역원가,경 비 (5015),원가)복리후생비 (501525),50152505,1,원가)복리후생비(외근식대),,용역원가,경 비 (5015),원가)복리후생비 (501525),50152505,1,원가)복리후생비(외근식대),,,,,,,,
,,내부회의비,WELFARE,WF-103,60117901,1,회의비,,일반관리비,판매비및일반관리비 (6011),회의비 (601179),60117901,1,회의비,,일반관리비,판매비및일반관리비 (6011),회의비 (601179),60117901,1,회의비,,,,,,,,
,,,WELFARE,WF-103,60114743,1,경상시험연구비(회의비),,일반관리비,판매비및일반관리비 (6011),경상시험연구비 (601147),60114743,1,경상시험연구비(회의비),,일반관리비,판매비및일반관리비 (6011),경상시험연구비 (601147),60114743,1,경상시험연구비(회의비),,,,,,,,
,,,WELFARE,WF-103,,,,,일반관리비,판매비및일반관리비 (6011),경상시험연구비 (601147),60114744,1,경상시험연구비(회의비(연구)),,일반관리비,판매비및일반관리비 (6011),경상시험연구비 (601147),60114744,1,경상시험연구비(회의비(연구)),,,,,,,,
,,,WELFARE,WF-103,50154701,1,원가)회의비,,용역원가,경 비 (5015),원가)회의비 (501547),50154701,1,원가)회의비,,용역원가,경 비 (5015),원가)회의비 (501547),50154701,1,원가)회의비,,,,,,,,
,,체력단련비,ETC,WF-104,60115737,1,복리후생비(써클운영비),,일반관리비,판매비및일반관리비 (6011),복리후생비 (601157),60115737,1,복리후생비(써클운영비),,일반관리비,판매비및일반관리비 (6011),복리후생비 (601157),60115737,1,복리후생비(써클운영비),,,,,,,,
,,,ETC,WF-104,,,,,,,,,,,,일반관리비,판매비및일반관리비 (6011),복리후생비 (601157),60115733,1,복리후생비(부서운영비),,,,,,,,
,,,ETC,WF-104,,,,,일반관리비,판매비및일반관리비 (6011),경상시험연구비 (601147),60114759,1,경상시험연구비(부서운영비),,일반관리비,판매비및일반관리비 (6011),경상연구개발비 (601147),60114759,1,경상시험연구비(부서운영비),,,,,,,,
,,,ETC,WF-104,50152535,1,원가)복리후생비(부서운영비),,용역원가,경 비 (5015),원가)복리후생비 (501525),50152535,1,원가)복리후생비(부서운영비),,용역원가,경 비 (5015),원가)복리후생비 (501525),50152535,1,원가)복리후생비(부서운영비),,,,,,,,
,,도서구입비,ETC,WF-105,60114503,1,도서인쇄비(도서구입비),,일반관리비,판매비및일반관리비 (6011),도서인쇄비 (601145),60114503,1,도서인쇄비(도서구입비),,일반관리비,판매비및일반관리비 (6011),도서인쇄비 (601145),60114503,1,도서인쇄비(도서구입비),,826,,도서인쇄비,,826,,도서인쇄비
,,,ETC,WF-105,60114599,1,도서인쇄비(기타),,일반관리비,판매비및일반관리비 (6011),도서인쇄비 (601145),60114599,1,도서인쇄비(기타),,일반관리비,판매비및일반관리비 (6011),도서인쇄비 (601145),60114599,1,도서인쇄비(기타),,,,,,726,,도서인쇄비
,,,ETC,WF-105,60114511,1,도서인쇄비(전산출력비),,일반관리비,판매비및일반관리비 (6011),도서인쇄비 (601145),60114511,1,도서인쇄비(전산출력비),,일반관리비,판매비및일반관리비 (6011),도서인쇄비 (601145),60114511,1,도서인쇄비(전산출력비),,,,,,,,
,,,ETC,WF-105,,,,,,,,,,,,일반관리비,판매비및일반관리비 (6011),도서인쇄비 (601145),60114505,1,도서인쇄비(복사료),,,,,,,,
,,,ETC,WF-105,60114725,1,경상시험연구비(도서인쇄비),,일반관리비,판매비및일반관리비 (6011),경상시험연구비 (601147),60114725,1,경상시험연구비(도서인쇄비),,일반관리비,판매비및일반관리비 (6011),경상시험연구비 (601147),60114725,1,경상시험연구비(도서인쇄비),,,,,,,,
,,,ETC,WF-105,,,,,일반관리비,판매비및일반관리비 (6011),경상시험연구비 (601147),60114726,1,경상시험연구비(도서인쇄(전산출력비)),,일반관리비,판매비및일반관리비 (6011),경상시험연구비 (601147),60114726,1,경상시험연구비(도서인쇄(전산출력비)),,,,,,,,
,,,ETC,WF-105,50151503,1,원가)도서인쇄비(도서구입비),,용역원가,경 비 (5015),원가)도서인쇄비 (501515),50151503,1,원가)도서인쇄비(도서구입비),,용역원가,경 비 (5015),원가)도서인쇄비 (501515),50151503,1,원가)도서인쇄비(도서구입비),,,,,,,,
,,,ETC,WF-105,50151511,1,원가)도서인쇄비(전산출력비),,용역원가,경 비 (5015),원가)도서인쇄비 (501515),50151511,1,원가)도서인쇄비(전산출력비),,용역원가,경 비 (5015),원가)도서인쇄비 (501515),50151511,1,원가)도서인쇄비(전산출력비),,,,,,,,
,,,ETC,WF-105,50151599,1,원가)도서인쇄비(기타),,용역원가,경 비 (5015),원가)도서인쇄비 (501515),50151599,1,원가)도서인쇄비(기타),,용역원가,경 비 (5015),원가)도서인쇄비 (501515),50151599,1,원가)도서인쇄비(기타도서인쇄비),,,,,,,,
,,,ETC,WF-105,,,,,,,,,,,,용역원가,경 비 (5015),원가)도서인쇄비 (501515),50151505,1,원가)도서인쇄비(복사료),,,,,,,,
,,기타,ETC,WF-106,60115798,1,복리후생비(공통),,일반관리비,판매비및일반관리비 (6011),복리후생비 (601157),60115798,1,복리후생비(공통),,일반관리비,판매비및일반관리비 (6011),복리후생비 (601157),60115798,1,복리후생비(공통),,843,,부서비,,811,,복리후생비
,,,ETC,WF-106,60115707,1,복리후생비(경조금),,일반관리비,판매비및일반관리비 (6011),복리후생비 (601157),60115707,1,복리후생비(경조금),,일반관리비,판매비및일반관리비 (6011),복리후생비 (601157),60115707,1,복리후생비(경조금),,736,,복리후생비,,711,,복리후생비
,,,ETC,WF-106,60117601,1,부서비,,일반관리비,판매비및일반관리비 (6011),부서비 (601176),60117601,1,부서비,,,,,,,,,,,,,850,,공상처리비
,,,ETC,WF-106,,,,,일반관리비,판매비및일반관리비 (6011),복리후생비 (601157),60115709,1,복리후생비(학자금보조),,일반관리비,판매비및일반관리비 (6011),복리후생비 (601157),60115709,1,복리후생비(학자금보조),,,,,,846,,부서비
,,,ETC,WF-106,,,,,일반관리비,판매비및일반관리비 (6011),복리후생비 (601157),60115711,1,복리후생비(차량보조금),,일반관리비,판매비및일반관리비 (6011),복리후생비 (601157),60115711,1,복리후생비(차량보조금),,,,,,,,
,,,ETC,WF-106,,,,,일반관리비,판매비및일반관리비 (6011),복리후생비 (601157),60115713,1,복리후생비(생수),,일반관리비,판매비및일반관리비 (6011),복리후생비 (601157),60115713,1,"복리후생비(일직,당직비)",,,,,,,,
,,,ETC,WF-106,,,,,일반관리비,판매비및일반관리비 (6011),복리후생비 (601157),60115729,1,복리후생비(화환대),,일반관리비,판매비및일반관리비 (6011),복리후생비 (601157),60115729,1,복리후생비(화환대),,,,,,,,
,,,ETC,WF-106,,,,,일반관리비,판매비및일반관리비 (6011),복리후생비 (601157),60115731,1,복리후생비(임금채권부담금),,일반관리비,판매비및일반관리비 (6011),복리후생비 (601157),60115731,1,복리후생비(임금채권부담금),,,,,,,,
,,,ETC,WF-106,,,,,일반관리비,판매비및일반관리비 (6011),복리후생비 (601157),60115725,1,"복리후생비(근재,상해보험료)",,일반관리비,판매비및일반관리비 (6011),복리후생비 (601157),60115725,1,"복리후생비(근재,상해보험료)",,,,,,,,
,,,ETC,WF-106,60114741,1,경상시험연구비(복리후생비),,일반관리비,판매비및일반관리비 (6011),경상시험연구비 (601147),60114741,1,경상시험연구비(복리후생비),,일반관리비,판매비및일반관리비 (6011),경상시험연구비 (601147),60114741,1,경상시험연구비(복리후생비),,,,,,,,
,,,ETC,WF-106,,,,,일반관리비,판매비및일반관리비 (6011),경상시험연구비 (601147),60114742,1,경상시험연구비(복리후생비(연구)),,일반관리비,판매비및일반관리비 (6011),경상시험연구비 (601147),60114742,1,경상시험연구비(복리후생비(연구)),,,,,,,,
,,,ETC,WF-106,50154601,1,원가)부서비,,용역원가,경 비 (5015),원가)부서비 (501546),50154601,1,원가)부서비,,,,,,,,,,,,,,,
,,,ETC,WF-106,50152511,1,원가)복리후생비(경조금),,용역원가,경 비 (5015),원가)복리후생비 (501525),50152511,1,원가)복리후생비(경조금),,용역원가,경 비 (5015),원가)복리후생비 (501525),50152511,1,원가)복리후생비(경조금),,,,,,,,
,,,ETC,WF-106,50152513,1,원가)복리후생비(경조금(현장)),,용역원가,경 비 (5015),원가)복리후생비 (501525),50152513,1,원가)복리후생비(경조금(현장)),,용역원가,경 비 (5015),원가)복리후생비 (501525),50152513,1,원가)복리후생비(경조금(현장)),,,,,,,,
,,,ETC,WF-106,50152519,1,원가)복리후생비(생수),,용역원가,경 비 (5015),원가)복리후생비 (501525),50152519,1,원가)복리후생비(생수),,용역원가,경 비 (5015),원가)복리후생비 (501525),50152519,1,"원가)복리후생비(일직,당직비)",,,,,,,,
,,,ETC,WF-106,50152598,1,원가)복리후생비(기타(현장)),,용역원가,경 비 (5015),원가)복리후생비 (501525),50152598,1,원가)복리후생비(기타(현장)),,용역원가,경 비 (5015),원가)복리후생비 (501525),50152598,1,원가)복리후생비(기타(현장)),,,,,,,,
,,,ETC,WF-106,50152599,1,원가)복리후생비(기타),,용역원가,경 비 (5015),원가)복리후생비 (501525),50152599,1,원가)복리후생비(기타),,용역원가,경 비 (5015),원가)복리후생비 (501525),50152599,1,원가)복리후생비(기타),,,,,,,,
,,,ETC,WF-106,50152515,1,원가)복리후생비(학자금보조),,용역원가,경 비 (5015),원가)복리후생비 (501525),50152515,1,원가)복리후생비(학자금보조),,용역원가,경 비 (5015),원가)복리후생비 (501525),50152515,1,원가)복리후생비(학자금보조),,,,,,,,
,,,ETC,WF-106,50152517,1,원가)복리후생비(차량보조금),,용역원가,경 비 (5015),원가)복리후생비 (501525),50152517,1,원가)복리후생비(차량보조금),,용역원가,경 비 (5015),원가)복리후생비 (501525),50152517,1,원가)복리후생비(차량보조금),,,,,,,,
,,,ETC,WF-106,50152531,1,"원가)복리후생비(근재,상해보험료)",,용역원가,경 비 (5015),원가)복리후생비 (501525),50152531,1,"원가)복리후생비(근재,상해보험료)",,용역원가,경 비 (5015),원가)복리후생비 (501525),50152531,1,"원가)복리후생비(근재,상해보험료)",,,,,,,,
,근무지원비,출장비(총괄),BUSINESS_TRIP,WF-201,60115903,1,여비교통비(국내출장비),,일반관리비,판매비및일반관리비 (6011),여비교통비 (601159),60115903,1,여비교통비(국내출장비),,일반관리비,판매비및일반관리비 (6011),여비교통비 (601159),60115903,1,여비교통비(국내출장비),,812,,여비교통비,,812,,여비교통비
,,,BUSINESS_TRIP,WF-201,60115905,1,여비교통비(시내교통비),,일반관리비,판매비및일반관리비 (6011),여비교통비 (601159),60115905,1,여비교통비(시내교통비),,일반관리비,판매비및일반관리비 (6011),여비교통비 (601159),60115905,1,여비교통비(시내교통비),,737,,여비교통비,,712,,여비교통비
,,,BUSINESS_TRIP,WF-201,60115907,1,여비교통비(해외출장비),,일반관리비,판매비및일반관리비 (6011),여비교통비 (601159),60115907,1,여비교통비(해외출장비),,일반관리비,판매비및일반관리비 (6011),여비교통비 (601159),60115907,1,여비교통비(해외출장비),,,,,,613,,출장비
,,,BUSINESS_TRIP,WF-201,60115999,1,여비교통비(기타),,일반관리비,판매비및일반관리비 (6011),여비교통비 (601159),60115999,1,여비교통비(기타),,일반관리비,판매비및일반관리비 (6011),여비교통비 (601159),60115999,1,여비교통비(기타),,,,,,612,,주재비
,,,BUSINESS_TRIP,WF-201,60114771,1,경상시험연구비(해외출장비),,일반관리비,판매비및일반관리비 (6011),경상시험연구비 (601147),60114771,1,경상시험연구비(해외출장비),,일반관리비,판매비및일반관리비 (6011),경상시험연구비 (601147),60114771,1,경상시험연구비(해외출장비),,,,,,,,
,,,BUSINESS_TRIP,WF-201,60114729,1,경상시험연구비(여비교통비),,일반관리비,판매비및일반관리비 (6011),경상시험연구비 (601147),60114729,1,경상시험연구비(여비교통비),,일반관리비,판매비및일반관리비 (6011),경상시험연구비 (601147),60114729,1,경상시험연구비(여비교통비),,,,,,,,
,,,BUSINESS_TRIP,WF-201,,,,,일반관리비,판매비및일반관리비 (6011),경상시험연구비 (601147),60114730,1,경상시험연구비(여비교통비(연구)),,일반관리비,판매비및일반관리비 (6011),경상시험연구비 (601147),60114730,1,경상시험연구비(여비교통비(연구)),,,,,,,,
,,,BUSINESS_TRIP,WF-201,,,,,용역원가,경 비 (5015),원가)여비교통비 (501527),50152703,1,원가)여비교통비(국내출장비(현장)),,용역원가,경 비 (5015),원가)여비교통비 (501527),50152703,1,원가)여비교통비(국내출장비(현장)),,,,,,,,
,,,BUSINESS_TRIP,WF-201,,,,,용역원가,경 비 (5015),원가)여비교통비 (501527),50152707,1,원가)여비교통비(시내교통비(현장)),,용역원가,경 비 (5015),원가)여비교통비 (501527),50152707,1,원가)여비교통비(시내교통비(현장)),,,,,,,,
,,,BUSINESS_TRIP,WF-201,,,,,용역원가,경 비 (5015),원가)여비교통비 (501527),50152711,1,원가)여비교통비(감리운영비),,용역원가,경 비 (5015),원가)여비교통비 (501527),50152711,1,원가)여비교통비(감리운영비),,,,,,,,
,,,BUSINESS_TRIP,WF-201,,,,,용역원가,경 비 (5015),원가)여비교통비 (501527),50152798,1,원가)여비교통비(기타(현장)),,용역원가,경 비 (5015),원가)여비교통비 (501527),50152798,1,원가)여비교통비(기타(현장)),,,,,,,,
,,,BUSINESS_TRIP,WF-201,50152701,1,원가)여비교통비(국내출장비),,용역원가,경 비 (5015),원가)여비교통비 (501527),50152701,1,원가)여비교통비(국내출장비),,용역원가,경 비 (5015),원가)여비교통비 (501527),50152701,1,원가)여비교통비(국내출장비),,,,,,,,
,,,BUSINESS_TRIP,WF-201,50152705,1,원가)여비교통비(시내교통비),,용역원가,경 비 (5015),원가)여비교통비 (501527),50152705,1,원가)여비교통비(시내교통비),,용역원가,경 비 (5015),원가)여비교통비 (501527),50152705,1,원가)여비교통비(시내교통비),,,,,,,,
,,,BUSINESS_TRIP,WF-201,50152709,1,원가)여비교통비(해외출장비),,용역원가,경 비 (5015),원가)여비교통비 (501527),50152709,1,원가)여비교통비(해외출장비),,용역원가,경 비 (5015),원가)여비교통비 (501527),50152709,1,원가)여비교통비(해외출장비),,,,,,,,
,,,BUSINESS_TRIP,WF-201,50152799,1,원가)여비교통비(기타),,용역원가,경 비 (5015),원가)여비교통비 (501527),50152799,1,원가)여비교통비(기타),,용역원가,경 비 (5015),원가)여비교통비 (501527),50152799,1,원가)여비교통비(기타),,,,,,,,
,역량강화,행사비/교육비,ETC,WF-301,60115719,1,복리후생비(교육훈련비),,일반관리비,판매비및일반관리비 (6011),복리후생비 (601157),60115719,1,복리후생비(교육훈련비),,일반관리비,판매비및일반관리비 (6011),복리후생비 (601157),60115719,1,복리후생비(교육훈련비),,825,,교육훈련비,,825,,교육훈련비
,,,ETC,WF-301,60117301,1,교육훈련비,,일반관리비,판매비및일반관리비 (6011),교육훈련비 (601173),60117301,1,교육훈련비,,일반관리비,판매비및일반관리비 (6011),교육훈련비 (601173),60117301,1,교육훈련비,,,,,,740,,교육훈련비
,,,ETC,WF-301,60114501,1,도서인쇄비(신문및정기간행물),,일반관리비,판매비및일반관리비 (6011),도서인쇄비 (601145),60114501,1,도서인쇄비(신문및정기간행물),,일반관리비,판매비및일반관리비 (6011),도서인쇄비 (601145),60114501,1,도서인쇄비(신문및정기간행물),,,,,,,,
,,,ETC,WF-301,60115727,1,복리후생비(행사비),,일반관리비,판매비및일반관리비 (6011),복리후생비 (601157),60115727,1,복리후생비(행사비),,일반관리비,판매비및일반관리비 (6011),복리후생비 (601157),60115727,1,복리후생비(행사비),,,,,,,,
,,,ETC,WF-301,60114769,1,경상시험연구비(교육훈련비),,일반관리비,판매비및일반관리비 (6011),경상시험연구비 (601147),60114769,1,경상시험연구비(교육훈련비),,일반관리비,판매비및일반관리비 (6011),경상시험연구비 (601147),60114769,1,경상시험연구비(교육훈련비),,,,,,,,
,,,ETC,WF-301,50151501,1,원가)도서인쇄비(신문및정기간행물),,용역원가,경 비 (5015),원가)도서인쇄비 (501515),50151501,1,원가)도서인쇄비(신문및정기간행물),,용역원가,경 비 (5015),원가)도서인쇄비 (501515),50151501,1,원가)도서인쇄비(신문및정기간행물),,,,,,,,
,,,ETC,WF-301,50153301,1,원가)교육훈련비,,용역원가,경 비 (5015),원가)교육훈련비 (501533),50153301,1,원가)교육훈련비,,용역원가,경 비 (5015),원가)교육훈련비 (501533),50153301,1,원가)교육훈련비,,,,,,,,
운영비,시설운영비,임대료,ETC,OP-101,60114101,1,지급임차료(월세),,일반관리비,판매비및일반관리비 (6011),지급임차료 (601141),60114101,1,지급임차료(월세),,일반관리비,판매비및일반관리비 (6011),지급임차료 (601141),60114101,1,지급임차료(월세),,819,,지급임차료,,819,,지급임차료
,,,ETC,OP-101,50151101,1,원가)지급임차료(월세),,용역원가,경 비 (5015),원가)지급임차료 (501511),50151101,1,원가)지급임차료(월세),,용역원가,경 비 (5015),원가)지급임차료 (501511),50151101,1,원가)지급임차료(월세),,,,,,719,,지급임차료
,,관리비,ETC,OP-102,60114107,1,지급임차료(관리비),,일반관리비,판매비및일반관리비 (6011),지급임차료 (601141),60114107,1,지급임차료(관리비),,일반관리비,판매비및일반관리비 (6011),지급임차료 (601141),60114107,1,지급임차료(사무실관리비),,,,,,737,,관리비
,,,ETC,OP-102,60114757,1,경상시험연구비(지급임차료),,일반관리비,판매비및일반관리비 (6011),경상시험연구비 (601147),60114757,1,경상시험연구비(지급임차료),,일반관리비,판매비및일반관리비 (6011),경상시험연구비 (601147),60114757,1,경상시험연구비(지급임차료),,,,,,737,,관리비
,,,ETC,OP-102,50151111,1,원가)지급임차료(관리비),,용역원가,경 비 (5015),원가)지급임차료 (501511),50151111,1,원가)지급임차료(관리비),,용역원가,경 비 (5015),원가)지급임차료 (501511),50151111,1,원가)지급임차료(사무실관리비),,,,,,,,
,,,ETC,OP-102,50151199,1,원가)지급임차료(기타),,용역원가,경 비 (5015),원가)지급임차료 (501511),50151199,1,원가)지급임차료(기타),,용역원가,경 비 (5015),원가)지급임차료 (501511),50151199,1,원가)지급임차료(기타),,,,,,,,
,,,ETC,OP-102,50154004,1,원가)합사경비(관리비),,용역원가,경 비 (5015),원가)합사경비 (501540),50154004,1,원가)합사경비(관리비),,,,,,,,,,,,,,,
,,수도광열비,ETC,OP-103,60113103,1,수도광열비(난방비),,일반관리비,판매비및일반관리비 (6011),수도광열비 (601131),60113103,1,수도광열비(난방비),,일반관리비,판매비및일반관리비 (6011),수도광열비 (601131),60113103,1,수도광열비(난방비),,742,,가스수도료,,715,,수도광열비
,,,ETC,OP-103,60113105,1,수도광열비(상하수도),,일반관리비,판매비및일반관리비 (6011),수도광열비 (601131),60113105,1,수도광열비(상하수도),,일반관리비,판매비및일반관리비 (6011),수도광열비 (601131),60113105,1,수도광열비(상하수도),,,,,,,,
,,,ETC,OP-103,60113199,1,수도광열비(기타),,일반관리비,판매비및일반관리비 (6011),수도광열비 (601131),60113199,1,수도광열비(기타),,일반관리비,판매비및일반관리비 (6011),수도광열비 (601131),60113199,1,수도광열비(기타),,,,,,,,
,,,ETC,OP-103,50150103,1,원가)수도광열비(난방비),,용역원가,경 비 (5015),원가)수도광열비 (501501),50150103,1,원가)수도광열비(난방비),,용역원가,경 비 (5015),원가)수도광열비 (501501),50150103,1,원가)수도광열비(난방비),,,,,,,,
,,,ETC,OP-103,50150105,1,원가)수도광열비(상하수도),,용역원가,경 비 (5015),원가)수도광열비 (501501),50150105,1,원가)수도광열비(상하수도),,용역원가,경 비 (5015),원가)수도광열비 (501501),50150105,1,원가)수도광열비(상하수도),,,,,,,,
,,,ETC,OP-103,50150199,1,원가)수도광열비(기타),,용역원가,경 비 (5015),원가)수도광열비 (501501),50150199,1,원가)수도광열비(기타),,용역원가,경 비 (5015),원가)수도광열비 (501501),50150199,1,원가)수도광열비(기타),,,,,,,,
,,전력비,ETC,OP-104,60113101,1,수도광열비(전기요금),,일반관리비,판매비및일반관리비 (6011),수도광열비 (601131),60113101,1,수도광열비(전기요금),,일반관리비,판매비및일반관리비 (6011),수도광열비 (601131),60113101,1,수도광열비(전기요금),,,,,,815,,전력비
,,,ETC,OP-104,50150101,1,원가)수도광열비(전기요금),,용역원가,경 비 (5015),원가)수도광열비 (501501),50150101,1,원가)수도광열비(전기요금),,용역원가,경 비 (5015),원가)수도광열비 (501501),50150101,1,원가)수도광열비(전기요금),,,,,,716,,전력비
,,세금과공과금,ETC,OP-105,60114901,1,세금과공과(수입인지대),,일반관리비,판매비및일반관리비 (6011),세금과공과 (601149),60114901,1,세금과공과(수입인지대),,일반관리비,판매비및일반관리비 (6011),세금과공과 (601149),60114901,1,세금과공과(수입인지대),,817,,세금과공과금,,817,,세금과공과금
,,,ETC,OP-105,60114903,1,세금과공과(사업소세),,일반관리비,판매비및일반관리비 (6011),세금과공과 (601149),60114903,1,세금과공과(사업소세),,일반관리비,판매비및일반관리비 (6011),세금과공과 (601149),60114903,1,세금과공과(사업소세),,,,,,717,,세금과공과금
,,,ETC,OP-105,60114905,1,세금과공과(재산세),,일반관리비,판매비및일반관리비 (6011),세금과공과 (601149),60114905,1,세금과공과(재산세),,일반관리비,판매비및일반관리비 (6011),세금과공과 (601149),60114905,1,세금과공과(재산세),,,,,,,,
,,,ETC,OP-105,60114907,1,세금과공과(균등할주민세),,일반관리비,판매비및일반관리비 (6011),세금과공과 (601149),60114907,1,세금과공과(균등할주민세),,일반관리비,판매비및일반관리비 (6011),세금과공과 (601149),60114907,1,세금과공과(균등할주민세),,,,,,,,
,,,ETC,OP-105,60114909,1,세금과공과(면허세),,일반관리비,판매비및일반관리비 (6011),세금과공과 (601149),60114909,1,세금과공과(면허세),,일반관리비,판매비및일반관리비 (6011),세금과공과 (601149),60114909,1,세금과공과(면허세),,,,,,,,
,,,ETC,OP-105,60114911,1,세금과공과(매입세액 안분),,일반관리비,판매비및일반관리비 (6011),세금과공과 (601149),60114911,1,세금과공과(매입세액 안분),,일반관리비,판매비및일반관리비 (6011),세금과공과 (601149),60114911,1,세금과공과(매입세액 안분),,,,,,,,
,,,ETC,OP-105,60114913,1,세금과공과(종합토지세),,일반관리비,판매비및일반관리비 (6011),세금과공과 (601149),60114913,1,세금과공과(종합토지세),,일반관리비,판매비및일반관리비 (6011),세금과공과 (601149),60114913,1,세금과공과(종합토지세),,,,,,,,
,,,ETC,OP-105,60114915,1,세금과공과(협회비),,일반관리비,판매비및일반관리비 (6011),세금과공과 (601149),60114915,1,세금과공과(협회비),,일반관리비,판매비및일반관리비 (6011),세금과공과 (601149),60114915,1,세금과공과(회비),,,,,,,,
,,,ETC,OP-105,60114917,1,세금과공과(자동차세),,일반관리비,판매비및일반관리비 (6011),세금과공과 (601149),60114917,1,세금과공과(자동차세),,일반관리비,판매비및일반관리비 (6011),세금과공과 (601149),60114917,1,세금과공과(자동차세),,,,,,,,
,,,ETC,OP-105,60114999,1,세금과공과(기타),,일반관리비,판매비및일반관리비 (6011),세금과공과 (601149),60114999,1,세금과공과(기타),,일반관리비,판매비및일반관리비 (6011),세금과공과 (601149),60114999,1,세금과공과(기타),,,,,,,,
,,,ETC,OP-105,,,,,,,,,,,,일반관리비,판매비및일반관리비 (6011),지급수수료 (601163),60116305,1,지급수수료(수입증지대),,,,,,,,
,,,ETC,OP-105,60114747,1,경상시험연구비(세금과공과),,일반관리비,판매비및일반관리비 (6011),경상시험연구비 (601147),60114747,1,경상시험연구비(세금과공과),,일반관리비,판매비및일반관리비 (6011),경상시험연구비 (601147),60114747,1,경상시험연구비(세금과공과),,,,,,,,
,,,ETC,OP-105,,,,,일반관리비,판매비및일반관리비 (6011),경상시험연구비 (601147),60114749,1,경상시험연구비(세금과공과(정보화투자)),,일반관리비,판매비및일반관리비 (6011),경상시험연구비 (601147),60114749,1,경상시험연구비(세금과공과(정보화투자)),,,,,,,,
,,,ETC,OP-105,50151701,1,원가)세금과공과(수입인지대),,용역원가,경 비 (5015),원가)세금과공과 (501517),50151701,1,원가)세금과공과(수입인지대),,용역원가,경 비 (5015),원가)세금과공과 (501517),50151701,1,원가)세금과공과(수입인지대),,,,,,,,
,,,ETC,OP-105,50151703,1,원가)세금과공과(사업소세),,용역원가,경 비 (5015),원가)세금과공과 (501517),50151703,1,원가)세금과공과(사업소세),,용역원가,경 비 (5015),원가)세금과공과 (501517),50151703,1,원가)세금과공과(사업소세),,,,,,,,
,,,ETC,OP-105,50151705,1,원가)세금과공과(재산세),,용역원가,경 비 (5015),원가)세금과공과 (501517),50151705,1,원가)세금과공과(재산세),,용역원가,경 비 (5015),원가)세금과공과 (501517),50151705,1,원가)세금과공과(재산세),,,,,,,,
,,,ETC,OP-105,50151707,1,원가)세금과공과(균등할주민세),,용역원가,경 비 (5015),원가)세금과공과 (501517),50151707,1,원가)세금과공과(균등할주민세),,용역원가,경 비 (5015),원가)세금과공과 (501517),50151707,1,원가)세금과공과(균등할주민세),,,,,,,,
,,,ETC,OP-105,50151709,1,원가)세금과공과(면허세),,용역원가,경 비 (5015),원가)세금과공과 (501517),50151709,1,원가)세금과공과(면허세),,용역원가,경 비 (5015),원가)세금과공과 (501517),50151709,1,원가)세금과공과(면허세),,,,,,,,
,,,ETC,OP-105,50151711,1,원가)세금과공과(매입세액 안분),,용역원가,경 비 (5015),원가)세금과공과 (501517),50151711,1,원가)세금과공과(매입세액 안분),,용역원가,경 비 (5015),원가)세금과공과 (501517),50151711,1,원가)세금과공과(매입세액 안분),,,,,,,,
,,,ETC,OP-105,50151713,1,원가)세금과공과(종합토지세),,용역원가,경 비 (5015),원가)세금과공과 (501517),50151713,1,원가)세금과공과(종합토지세),,용역원가,경 비 (5015),원가)세금과공과 (501517),50151713,1,원가)세금과공과(종합토지세),,,,,,,,
,,,ETC,OP-105,50151715,1,"원가)세금과공과(협회,연회비)",,용역원가,경 비 (5015),원가)세금과공과 (501517),50151715,1,"원가)세금과공과(협회,연회비)",,용역원가,경 비 (5015),원가)세금과공과 (501517),50151715,1,"원가)세금과공과(협회,연회비)",,,,,,,,
,,,ETC,OP-105,50151717,1,원가)세금과공과(자동차세),,용역원가,경 비 (5015),원가)세금과공과 (501517),50151717,1,원가)세금과공과(자동차세),,용역원가,경 비 (5015),원가)세금과공과 (501517),50151717,1,원가)세금과공과(자동차세),,,,,,,,
,,,ETC,OP-105,50151799,1,원가)세금과공과(기타),,용역원가,경 비 (5015),원가)세금과공과 (501517),50151799,1,원가)세금과공과(기타),,용역원가,경 비 (5015),원가)세금과공과 (501517),50151799,1,원가)세금과공과(기타),,,,,,,,
,,,ETC,OP-105,,,,,,,,,,,,용역원가,경 비 (5015),원가)지급수수료 (501531),50153107,1,원가)지급수수료(수입증지대),,,,,,,,
,,시설수선비,ETC,OP-106,60113701,1,수선비(건물수리),,일반관리비,판매비및일반관리비 (6011),수선비 (601137),60113701,1,수선비(건물수리),,일반관리비,판매비및일반관리비 (6011),수선비 (601137),60113701,1,수선비(건물수리),,743,,수선비,,827,,수선비
,,,ETC,OP-106,60113705,1,수선비(비품),,일반관리비,판매비및일반관리비 (6011),수선비 (601137),60113705,1,수선비(비품),,일반관리비,판매비및일반관리비 (6011),수선비 (601137),60113705,1,수선비(비품),,,,,,741,,유지보수료
,,,ETC,OP-106,60113799,1,수선비(기타),,일반관리비,판매비및일반관리비 (6011),수선비 (601137),60113799,1,수선비(기타),,일반관리비,판매비및일반관리비 (6011),수선비 (601137),60113799,1,수선비(기타),,,,,,720,,수선비
,,,ETC,OP-106,60113703,1,수선비(공구),,일반관리비,판매비및일반관리비 (6011),수선비 (601137),60113703,1,수선비(공구),,일반관리비,판매비및일반관리비 (6011),수선비 (601137),60113703,1,수선비(공구),,,,,,,,
,,,ETC,OP-106,60114761,1,경상시험연구비(수선비),,일반관리비,판매비및일반관리비 (6011),경상시험연구비 (601147),60114761,1,경상시험연구비(수선비),,일반관리비,판매비및일반관리비 (6011),경상시험연구비 (601147),60114761,1,경상시험연구비(수선비),,,,,,,,
,,,ETC,OP-106,50150701,1,원가)수선비(건물),,용역원가,경 비 (5015),원가)수선비 (501507),50150701,1,원가)수선비(건물),,용역원가,경 비 (5015),원가)수선비 (501507),50150701,1,원가)수선비(건물),,,,,,,,
,,,ETC,OP-106,50150705,1,원가)수선비(비품),,용역원가,경 비 (5015),원가)수선비 (501507),50150705,1,원가)수선비(비품),,용역원가,경 비 (5015),원가)수선비 (501507),50150705,1,원가)수선비(비품),,,,,,,,
,,,ETC,OP-106,50150799,1,원가)수선비(기타),,용역원가,경 비 (5015),원가)수선비 (501507),50150799,1,원가)수선비(기타),,용역원가,경 비 (5015),원가)수선비 (501507),50150799,1,원가)수선비(기타),,,,,,,,
,,,ETC,OP-106,50150703,1,원가)수선비(공구),,용역원가,경 비 (5015),원가)수선비 (501507),50150703,1,원가)수선비(공구),,용역원가,경 비 (5015),원가)수선비 (501507),50150703,1,원가)수선비(공구),,,,,,,,
,,,ETC,OP-106,,,,,,,,,,,,,유형자산 (1033),구축물 (103307),10330701,1,구축물,,,,,,,,
,,,ETC,OP-106,,,,,,,,,,,,,유형자산 (1033),구축물감가상각누계액 (103309),10330901,1,구축물감가상각누계액,,,,,,,,
,,시설운영비,ETC,OP-107,60113501,1,감가상각비(건물),,일반관리비,판매비및일반관리비 (6011),감가상각비 (601135),60113501,1,감가상각비(건물),,일반관리비,판매비및일반관리비 (6011),감가상각비 (601135),60113501,1,감가상각비(건물),,,,,,,,
,,,ETC,OP-107,60113503,1,감가상각비(차량),,일반관리비,판매비및일반관리비 (6011),감가상각비 (601135),60113503,1,감가상각비(차량),,일반관리비,판매비및일반관리비 (6011),감가상각비 (601135),60113503,1,감가상각비(차량),,,,,,,,
,,,ETC,OP-107,60113505,1,감가상각비(공구),,일반관리비,판매비및일반관리비 (6011),감가상각비 (601135),60113505,1,감가상각비(공구),,일반관리비,판매비및일반관리비 (6011),감가상각비 (601135),60113505,1,감가상각비(공구),,,,,,,,
,,,ETC,OP-107,60113507,1,감가상각비(집기비품),,일반관리비,판매비및일반관리비 (6011),감가상각비 (601135),60113507,1,감가상각비(집기비품),,일반관리비,판매비및일반관리비 (6011),감가상각비 (601135),60113507,1,감가상각비(집기비품),,,,,,,,
,사무운영비,보험료,ETC,OP-201,60115101,1,보험료(화재보험료),,일반관리비,판매비및일반관리비 (6011),보험료 (601151),60115101,1,보험료(화재보험료),,일반관리비,판매비및일반관리비 (6011),보험료 (601151),60115101,1,보험료(화재보험료),,821,,보험료,,821,,보험료
,,,ETC,OP-201,60115103,1,보험료(자동차보험료),,일반관리비,판매비및일반관리비 (6011),보험료 (601151),60115103,1,보험료(자동차보험료),,일반관리비,판매비및일반관리비 (6011),보험료 (601151),60115103,1,보험료(자동차보험료),,,,,,721,,보험료
,,,ETC,OP-201,60115105,1,보험료(입찰보증보험),,일반관리비,판매비및일반관리비 (6011),보험료 (601151),60115105,1,보험료(입찰보증보험),,일반관리비,판매비및일반관리비 (6011),보험료 (601151),60115105,1,보험료(입찰보증보험),,,,,,,,
,,,ETC,OP-201,60115107,1,보험료(계약보험료),,일반관리비,판매비및일반관리비 (6011),보험료 (601151),60115107,1,보험료(계약보험료),,일반관리비,판매비및일반관리비 (6011),보험료 (601151),60115107,1,보험료(계약보험료),,,,,,,,
,,,ETC,OP-201,60115109,1,보험료(선급급보증보험),,일반관리비,판매비및일반관리비 (6011),보험료 (601151),60115109,1,보험료(선급급보증보험),,일반관리비,판매비및일반관리비 (6011),보험료 (601151),60115109,1,보험료(선급급보증보험),,,,,,,,
,,,ETC,OP-201,60115111,1,보험료(차액보증보험),,일반관리비,판매비및일반관리비 (6011),보험료 (601151),60115111,1,보험료(차액보증보험),,일반관리비,판매비및일반관리비 (6011),보험료 (601151),60115111,1,보험료(차액보증보험),,,,,,,,
,,,ETC,OP-201,60115113,1,보험료(하자보험료),,일반관리비,판매비및일반관리비 (6011),보험료 (601151),60115113,1,보험료(하자보험료),,일반관리비,판매비및일반관리비 (6011),보험료 (601151),60115113,1,보험료(하자보험료),,,,,,,,
,,,ETC,OP-201,60115115,1,보험료(손해배상보증보험),,일반관리비,판매비및일반관리비 (6011),보험료 (601151),60115115,1,보험료(손해배상보증보험),,일반관리비,판매비및일반관리비 (6011),보험료 (601151),60115115,1,보험료(손해배상보증보험),,,,,,,,
,,,ETC,OP-201,,,,,일반관리비,판매비및일반관리비 (6011),보험료 (601151),60115199,1,보험료(기타),,일반관리비,판매비및일반관리비 (6011),보험료 (601151),60115199,1,보험료(기타),,,,,,,,
,,,ETC,OP-201,60114731,1,경상시험연구비(보험료),,일반관리비,판매비및일반관리비 (6011),경상시험연구비 (601147),60114731,1,경상시험연구비(보험료),,일반관리비,판매비및일반관리비 (6011),경상시험연구비 (601147),60114731,1,경상시험연구비(보험료),,,,,,,,
,,,ETC,OP-201,50151901,1,원가)보험료(화재보험료),,용역원가,경 비 (5015),원가)보험료 (501519),50151901,1,원가)보험료(화재보험료),,용역원가,경 비 (5015),원가)보험료 (501519),50151901,1,원가)보험료(화재보험료),,,,,,,,
,,,ETC,OP-201,50151903,1,원가)보험료(자동차보험료),,용역원가,경 비 (5015),원가)보험료 (501519),50151903,1,원가)보험료(자동차보험료),,용역원가,경 비 (5015),원가)보험료 (501519),50151903,1,원가)보험료(자동차보험료),,,,,,,,
,,,ETC,OP-201,50151905,1,원가)보험료(입찰보증보험),,용역원가,경 비 (5015),원가)보험료 (501519),50151905,1,원가)보험료(입찰보증보험),,용역원가,경 비 (5015),원가)보험료 (501519),50151905,1,원가)보험료(입찰보증보험),,,,,,,,
,,,ETC,OP-201,50151907,1,원가)보험료(계약보험료),,용역원가,경 비 (5015),원가)보험료 (501519),50151907,1,원가)보험료(계약보험료),,용역원가,경 비 (5015),원가)보험료 (501519),50151907,1,원가)보험료(계약보험료),,,,,,,,
,,,ETC,OP-201,50151909,1,원가)보험료(선급급보증보험),,용역원가,경 비 (5015),원가)보험료 (501519),50151909,1,원가)보험료(선급급보증보험),,용역원가,경 비 (5015),원가)보험료 (501519),50151909,1,원가)보험료(선급급보증보험),,,,,,,,
,,,ETC,OP-201,50151911,1,원가)보험료(차액보증보험),,용역원가,경 비 (5015),원가)보험료 (501519),50151911,1,원가)보험료(차액보증보험),,용역원가,경 비 (5015),원가)보험료 (501519),50151911,1,원가)보험료(차액보증보험),,,,,,,,
,,,ETC,OP-201,50151913,1,원가)보험료(하자보험료),,용역원가,경 비 (5015),원가)보험료 (501519),50151913,1,원가)보험료(하자보험료),,용역원가,경 비 (5015),원가)보험료 (501519),50151913,1,원가)보험료(하자보험료),,,,,,,,
,,,ETC,OP-201,50151915,1,원가)보험료(손해배상보증보험),,용역원가,경 비 (5015),원가)보험료 (501519),50151915,1,원가)보험료(손해배상보증보험),,용역원가,경 비 (5015),원가)보험료 (501519),50151915,1,원가)보험료(손해배상보증보험),,,,,,,,
,,,ETC,OP-201,50151999,1,원가)보험료(기타),,용역원가,경 비 (5015),원가)보험료 (501519),50151999,1,원가)보험료(기타),,용역원가,경 비 (5015),원가)보험료 (501519),50151999,1,원가)보험료(기타),,,,,,,,
,,,ETC,OP-201,,,,,,,,,,,,용역원가,경 비 (5015),원가)보험료 (501519),50151923,1,원가)보험료(수출보증보험),,,,,,,,
,,비품,ETC,OP-202,60114105,1,지급임차료(복사기임차),,일반관리비,판매비및일반관리비 (6011),지급임차료 (601141),60114105,1,지급임차료(복사기임차),,일반관리비,판매비및일반관리비 (6011),지급임차료 (601141),60114105,1,지급임차료(복사기임차),,212,,비품,,829,,사무용품비
,,,ETC,OP-202,60114102,1,지급임차료(기타렌탈),,일반관리비,판매비및일반관리비 (6011),지급임차료 (601141),60114102,1,지급임차료(기타렌탈),,일반관리비,판매비및일반관리비 (6011),지급임차료 (601141),60114102,1,지급임차료(장비공기구임차),,,,,,729,,사무용품비
,,,ETC,OP-202,10333101,1,비품,,일반관리비,유형자산 (1033),비품 (103331),10333101,1,비품,,일반관리비,유형자산 (1033),비품 (103331),10333101,1,비품,,,,,,212,,비품(비품)
,,,ETC,OP-202,10332701,1,공구와기구(일반),,,유형자산 (1033),공구와기구 (103327),10332701,1,공구와기구(일반),,,유형자산 (1033),공구와기구 (103327),10332701,1,공구와기구(일반),,,,,,210,,공구와기구(공구)
,,,ETC,OP-202,50151107,1,원가)지급임차료(복사기렌탈),,용역원가,경 비 (5015),원가)지급임차료 (501511),50151107,1,원가)지급임차료(복사기렌탈),,용역원가,경 비 (5015),원가)지급임차료 (501511),50151107,1,원가)지급임차료(복사기렌탈),,,,,,,,
,,,ETC,OP-202,50151109,1,원가)지급임차료(기타렌탈),,용역원가,경 비 (5015),원가)지급임차료 (501511),50151109,1,원가)지급임차료(기타렌탈),,용역원가,경 비 (5015),원가)지급임차료 (501511),50151109,1,원가)지급임차료(기타렌탈),,,,,,,,
,,,ETC,OP-202,50151103,1,"원가)지급임차료(장비,공기구렌탈)",,용역원가,경 비 (5015),원가)지급임차료 (501511),50151103,1,"원가)지급임차료(장비,공기구렌탈)",,용역원가,경 비 (5015),원가)지급임차료 (501511),50151103,1,"원가)지급임차료(장비,공기구렌탈)",,,,,,,,
,,소모품,ETC,OP-203,50151301,1,원가)소모품비(사무용품비),,용역원가,경 비 (5015),원가)소모품비 (501513),50151301,1,원가)소모품비(사무용품비),,용역원가,경 비 (5015),원가)소모품비 (501513),50151301,1,원가)소모품비(사무용품비),,829,,사무용품비,,830,,소모품비
,,,ETC,OP-203,50151399,1,원가)소모품비(기타),,용역원가,경 비 (5015),원가)소모품비 (501513),50151399,1,원가)소모품비(기타),,용역원가,경 비 (5015),원가)소모품비 (501513),50151399,1,원가)소모품비(기타),,,,,,739,,소모자재비
,,,ETC,OP-203,50151303,1,원가)소모품비(감리현장),,용역원가,경 비 (5015),원가)소모품비 (501513),50151303,1,원가)소모품비(감리현장),,용역원가,경 비 (5015),원가)소모품비 (501513),50151303,1,원가)소모품비(사무용품비(현장)),,,,,,730,,소모품비
,,,ETC,OP-203,50151307,1,원가)소모품비(감리현장운영비),,용역원가,경 비 (5015),원가)소모품비 (501513),50151307,1,원가)소모품비(감리현장운영비),,,,,,,,,,,,,,,
,,,ETC,OP-203,,,,,용역원가,경 비 (5015),원가)소모품비 (501513),50151309,1,원가)소모품비(안전관리장비),,용역원가,경 비 (5015),원가)소모품비 (501513),50151309,1,원가)소모품비(기타(현장)),,,,,,,,
,,,ETC,OP-203,60114740,1,경상시험연구비(소모품비(연구)),,일반관리비,판매비및일반관리비 (6011),경상시험연구비 (601147),60114740,1,경상시험연구비(소모품비(연구)),,일반관리비,판매비및일반관리비 (6011),경상시험연구비 (601147),60114740,1,경상시험연구비(소모품비(연구)),,,,,,,,
,,,ETC,OP-203,60114301,1,소모품비(사무용품비),,일반관리비,판매비및일반관리비 (6011),소모품비 (601143),60114301,1,소모품비(사무용품비),,일반관리비,판매비및일반관리비 (6011),소모품비 (601143),60114301,1,소모품비(사무용품비),,,,,,,,
,,,ETC,OP-203,60114303,1,소모품비(사무용품비(공통)),,일반관리비,판매비및일반관리비 (6011),소모품비 (601143),60114303,1,소모품비(사무용품비(공통)),,일반관리비,판매비및일반관리비 (6011),소모품비 (601143),60114303,1,소모품비(사무용품비(공통)),,,,,,,,
,,,ETC,OP-203,60114398,1,소모품비(기타),,일반관리비,판매비및일반관리비 (6011),소모품비 (601143),60114398,1,소모품비(기타),,일반관리비,판매비및일반관리비 (6011),소모품비 (601143),60114398,1,소모품비(기타),,,,,,,,
,,,ETC,OP-203,60114399,1,소모품비(기타(공통)),,일반관리비,판매비및일반관리비 (6011),소모품비 (601143),60114399,1,소모품비(기타(공통)),,일반관리비,판매비및일반관리비 (6011),소모품비 (601143),60114399,1,소모품비(기타(공통)),,,,,,,,
,,통신비,ETC,OP-204,60116199,1,통신비(기타),,일반관리비,판매비및일반관리비 (6011),통신비 (601161),60116199,1,통신비(기타),,일반관리비,판매비및일반관리비 (6011),통신비 (601161),60116199,1,통신비(기타),,814,,통신비,,814,,통신비
,,,ETC,OP-204,,,,,일반관리비,판매비및일반관리비 (6011),통신비 (601161),60116103,1,"통신비(우편,등기)",,일반관리비,판매비및일반관리비 (6011),통신비 (601161),60116103,1,"통신비(우편료,등기)",,,,,,714,,통신비
,,,ETC,OP-204,,,,,일반관리비,판매비및일반관리비 (6011),통신비 (601161),60116105,1,통신비(퀵서비스),,일반관리비,판매비및일반관리비 (6011),통신비 (601161),60116101,1,"통신비(전화료,FAX)",,,,,,,,
,,,ETC,OP-204,60114745,1,경상시험연구비(통신비),,일반관리비,판매비및일반관리비 (6011),경상시험연구비 (601147),60114745,1,경상시험연구비(통신비),,일반관리비,판매비및일반관리비 (6011),경상시험연구비 (601147),60114745,1,경상시험연구비(통신비),,,,,,,,
,,,ETC,OP-204,,,,,용역원가,경 비 (5015),원가)통신비 (501529),50152903,1,"원가)통신비(우편,등기)",,용역원가,경 비 (5015),원가)통신비 (501529),50152903,1,"원가)통신비(우편료,등기)",,,,,,,,
,,,ETC,OP-204,,,,,용역원가,경 비 (5015),원가)통신비 (501529),50152905,1,원가)통신비(퀵서비스),,용역원가,경 비 (5015),원가)통신비 (501529),50152901,1,"원가)통신비(전화료,FAX)",,,,,,,,
,,,ETC,OP-204,50152999,1,원가)통신비(기타),,용역원가,경 비 (5015),원가)통신비 (501529),50152999,1,원가)통신비(기타),,용역원가,경 비 (5015),원가)통신비 (501529),50152999,1,원가)통신비(기타),,,,,,,,
,환경/안전관리비,환경/안전관리비,ETC,OP-301,60119001,1,건물관리소모품,,일반관리비,판매비및일반관리비 (6011),건물관리비 (601190),60119001,1,건물관리소모품,,,,,,,,,850,,안전관리비(본사),,803,,안전관리비(본사)
,,,ETC,OP-301,60119002,1,건물관리(지급수수료),,일반관리비,판매비및일반관리비 (6011),건물관리비 (601190),60119002,1,건물관리(지급수수료),,,,,,,,,744,,안전관리비(현장),,751,,산업안전보건관리비
,,,ETC,OP-301,,,,,,,,,,,,,,,,,,,,,,,603,,안전관리비(현장)
,,,ETC,OP-301,,,,,,,,,,,,,,,,,,,,,,,651,,산업안전보건관리비
,,,ETC,OP-301,,,,,,,,,,,,,,,,,,,,,,,749,,폐기물처리비
,차량/운송비,차량유지비,ETC,OP-401,60113903,1,차량유지비(유류대),,일반관리비,판매비및일반관리비 (6011),차량유지비 (601139),60113903,1,차량유지비(유류대),,일반관리비,판매비및일반관리비 (6011),차량유지비 (601139),60113903,1,차량유지비(유류대),,822,,차량유지비,,822,,차량유지비
,,,ETC,OP-401,60113905,1,차량유지비(주차비),,일반관리비,판매비및일반관리비 (6011),차량유지비 (601139),60113905,1,차량유지비(주차비),,일반관리비,판매비및일반관리비 (6011),차량유지비 (601139),60113905,1,차량유지비(주차비),,732,,유류비,,722,,차량유지비
,,,ETC,OP-401,60113907,1,차량유지비(통행료),,일반관리비,판매비및일반관리비 (6011),차량유지비 (601139),60113907,1,차량유지비(통행료),,일반관리비,판매비및일반관리비 (6011),차량유지비 (601139),60113907,1,차량유지비(통행료),,,,,,,,
,,,ETC,OP-401,60113909,1,차량유지비(수리비),,일반관리비,판매비및일반관리비 (6011),차량유지비 (601139),60113909,1,차량유지비(수리비),,일반관리비,판매비및일반관리비 (6011),차량유지비 (601139),60113909,1,차량유지비(수리비),,,,,,,,
,,,ETC,OP-401,60113911,1,차량유지비(차량소모품비),,일반관리비,판매비및일반관리비 (6011),차량유지비 (601139),60113911,1,차량유지비(차량소모품비),,일반관리비,판매비및일반관리비 (6011),차량유지비 (601139),60113911,1,차량유지비(차량소모품비),,,,,,,,
,,,ETC,OP-401,60113999,1,차량유지비(기타),,일반관리비,판매비및일반관리비 (6011),차량유지비 (601139),60113999,1,차량유지비(기타),,일반관리비,판매비및일반관리비 (6011),차량유지비 (601139),60113999,1,차량유지비(기타),,,,,,,,
,,,ETC,OP-401,60113709,1,수선비(차량),,일반관리비,판매비및일반관리비 (6011),차량유지비 (601139),60113709,1,수선비(차량),,일반관리비,판매비및일반관리비 (6011),차량유지비 (601139),60113709,1,수선비(차량),,,,,,,,
,,,ETC,OP-401,,,,,일반관리비,판매비및일반관리비 (6011),경상시험연구비 (601147),60114753,1,경상시험연구비(차량유지비(정보화투자)),,일반관리비,판매비및일반관리비 (6011),경상시험연구비 (601147),60114753,1,경상시험연구비(차량유지비(정보화투자)),,,,,,,,
,,,ETC,OP-401,60114751,1,경상시험연구비(차량유지비),,일반관리비,판매비및일반관리비 (6011),경상시험연구비 (601147),60114751,1,경상시험연구비(차량유지비),,일반관리비,판매비및일반관리비 (6011),경상시험연구비 (601147),60114751,1,경상시험연구비(차량유지비),,,,,,,,
,,,ETC,OP-401,50150901,1,원가)차량유지비(유류대),,용역원가,경 비 (5015),원가)차량유지비 (501509),50150901,1,원가)차량유지비(유류대),,용역원가,경 비 (5015),원가)차량유지비 (501509),50150901,1,원가)차량유지비(유류대),,,,,,,,
,,,ETC,OP-401,50150903,1,원가)차량유지비(주차비),,용역원가,경 비 (5015),원가)차량유지비 (501509),50150903,1,원가)차량유지비(주차비),,용역원가,경 비 (5015),원가)차량유지비 (501509),50150903,1,원가)차량유지비(주차비),,,,,,,,
,,,ETC,OP-401,50150905,1,원가)차량유지비(통행료),,용역원가,경 비 (5015),원가)차량유지비 (501509),50150905,1,원가)차량유지비(통행료),,용역원가,경 비 (5015),원가)차량유지비 (501509),50150905,1,원가)차량유지비(통행료),,,,,,,,
,,,ETC,OP-401,50150907,1,원가)차량유지비(수리비),,용역원가,경 비 (5015),원가)차량유지비 (501509),50150907,1,원가)차량유지비(수리비),,용역원가,경 비 (5015),원가)차량유지비 (501509),50150907,1,원가)차량유지비(수리비),,,,,,,,
,,,ETC,OP-401,50150909,1,원가)차량유지비(차량소모품비),,용역원가,경 비 (5015),원가)차량유지비 (501509),50150909,1,원가)차량유지비(차량소모품비),,용역원가,경 비 (5015),원가)차량유지비 (501509),50150909,1,원가)차량유지비(차량소모품비),,,,,,,,
,,,ETC,OP-401,50150709,1,원가)수선비(차량),,용역원가,경 비 (5015),원가)수선비 (501507),50150709,1,원가)수선비(차량),,용역원가,경 비 (5015),원가)수선비 (501507),50150709,1,원가)수선비(차량),,,,,,,,
,,,ETC,OP-401,50150999,1,원가)차량유지비(기타),,용역원가,경 비 (5015),원가)차량유지비 (501509),50150999,1,원가)차량유지비(기타),,용역원가,경 비 (5015),원가)차량유지비 (501509),50150999,1,원가)차량유지비(기타),,,,,,,,
,,차량리스료,ETC,OP-402,60114103,1,지급임차료(차량렌탈),,일반관리비,판매비및일반관리비 (6011),지급임차료 (601141),60114103,1,지급임차료(차량렌탈),,일반관리비,판매비및일반관리비 (6011),지급임차료 (601141),60114103,1,지급임차료(차량렌탈),,,,,,,,
,,,ETC,OP-402,50151105,1,원가)지급임차료(차량렌탈),,용역원가,경 비 (5015),원가)지급임차료 (501511),50151105,1,원가)지급임차료(차량렌탈),,용역원가,경 비 (5015),원가)지급임차료 (501511),50151105,1,원가)지급임차료(차량렌탈),,,,,,,,
,,운송비,ETC,OP-403,60113301,1,운반비(용달),,일반관리비,판매비및일반관리비 (6011),운반비 (601133),60113301,1,운반비(용달),,일반관리비,판매비및일반관리비 (6011),운반비 (601133),60113301,1,운반비(비품),,733,,운반비,,724,,운반비
,,,ETC,OP-403,60113303,1,운반비(서류),,일반관리비,판매비및일반관리비 (6011),운반비 (601133),60113303,1,운반비(서류),,일반관리비,판매비및일반관리비 (6011),운반비 (601133),60113303,1,운반비(서류),,,,,,609,,운반비
,,,ETC,OP-403,60113399,1,운반비(기타),,일반관리비,판매비및일반관리비 (6011),운반비 (601133),60113399,1,운반비(기타),,일반관리비,판매비및일반관리비 (6011),운반비 (601133),60113399,1,운반비(기타),,,,,,,,
,,,ETC,OP-403,60114737,1,경상시험연구비(운반비),,일반관리비,판매비및일반관리비 (6011),경상시험연구비 (601147),60114737,1,경상시험연구비(운반비),,일반관리비,판매비및일반관리비 (6011),경상시험연구비 (601147),60114737,1,경상시험연구비(운반비),,,,,,,,
,,,ETC,OP-403,,,,,일반관리비,판매비및일반관리비 (6011),경상시험연구비 (601147),60114738,1,경상시험연구비(운반비(연구관련)),,일반관리비,판매비및일반관리비 (6011),경상시험연구비 (601147),60114738,1,경상시험연구비(운반비(연구관련)),,,,,,,,
,,,ETC,OP-403,50150301,1,원가)운반비(용달),,용역원가,경 비 (5015),원가)운반비 (501503),50150301,1,원가)운반비(용달),,용역원가,경 비 (5015),원가)운반비 (501503),50150301,1,원가)운반비(비품),,,,,,,,
,,,ETC,OP-403,50150305,1,원가)운반비(서류),,용역원가,경 비 (5015),원가)운반비 (501503),50150305,1,원가)운반비(서류),,용역원가,경 비 (5015),원가)운반비 (501503),50150305,1,원가)운반비(서류),,,,,,,,
,,,ETC,OP-403,50150307,1,원가)운반비(서류(현장)),,용역원가,경 비 (5015),원가)운반비 (501503),50150307,1,원가)운반비(서류(현장)),,용역원가,경 비 (5015),원가)운반비 (501503),50150307,1,원가)운반비(서류(현장)),,,,,,,,
,,,ETC,OP-403,50150303,1,원가)운반비(비품(현장)),,용역원가,경 비 (5015),원가)운반비 (501503),50150303,1,원가)운반비(비품(현장)),,용역원가,경 비 (5015),원가)운반비 (501503),50150303,1,원가)운반비(비품(현장)),,,,,,,,
,,,ETC,OP-403,50150399,1,원가)운반비(기타),,용역원가,경 비 (5015),원가)운반비 (501503),50150399,1,원가)운반비(기타),,용역원가,경 비 (5015),원가)운반비 (501503),50150399,1,원가)운반비(기타),,,,,,,,
외주/전문서비스,연구/개발 용역비,연구용역비,ETC,OUT-101,60114724,1,경상시험연구비(연구개발비),,일반관리비,판매비및일반관리비 (6011),경상시험연구비 (601147),60114724,1,경상시험연구비(연구개발비),,일반관리비,판매비및일반관리비 (6011),경상시험연구비 (601147),60114724,1,경상시험연구비(연구개발비),,823,,연구개발비,,823,,연구개발비
,,,ETC,OUT-101,60114721,1,경상시험연구비(신기술용역비),,일반관리비,판매비및일반관리비 (6011),경상시험연구비 (601147),60114721,1,경상시험연구비(신기술용역비),,일반관리비,판매비및일반관리비 (6011),경상시험연구비 (601147),60114721,1,경상시험연구비(신기술용역비),,723,,시험용역,,723,,연구개발비
,,,ETC,OUT-101,50170105,1,원가)기술협력비(연구외주비),,용역원가,경 비 (5015),원가)지급수수료(501531),50153101,1,원가)지급수수료(제도대),,용역원가,경 비 (5015),원가)지급수수료 (501531),50153101,1,원가)지급수수료(제도대),,,,,,,,
,,,ETC,OUT-101,50154901,1,원가)연구비(협력비),,용역원가,기술협력비 (5017),원가)기술협력비 (501701),50170105,1,원가)기술협력비(연구외주비),,용역원가,기술협력비 (5017),원가)기술협력비 (501701),50170105,1,원가)기술협력비(연구외주비),,,,,,,,
,,,ETC,OUT-101,,,,,용역원가,경 비 (5015),원가)연구비(협력비) (501549),50154901,1,원가)연구비(협력비),,용역원가,경 비 (5015),원가)연구비(협력비) (501549),50154901,1,원가)연구비(협력비),,,,,,,,
,,외주개발비,ETC,OUT-102,50170103,1,원가)기술협력비(인력지원외주비),,용역원가,기술협력비 (5017),원가)기술협력비 (501701),50170103,1,원가)기술협력비(인력지원외주비),,용역원가,기술협력비 (5017),원가)기술협력비 (501701),50170103,1,원가)기술협력비(인력지원외주비),,725,,외주비 등,,,,
,,,ETC,OUT-102,50170199,1,원가)기술협력비(기타외주비),,용역원가,기술협력비 (5017),원가)기술협력비 (501701),50170199,1,원가)기술협력비(기타외주비),,용역원가,기술협력비 (5017),원가)기술협력비 (501701),50170199,1,원가)기술협력비(기타외주비),,,,,,,,
,,,ETC,OUT-102,50170101,1,원가)기술협력비(설계외주비),,용역원가,기술협력비 (5017),원가)기술협력비 (501701),50170101,1,원가)기술협력비(설계외주비),,용역원가,기술협력비 (5017),원가)기술협력비 (501701),50170101,1,원가)기술협력비(설계외주비),,,,,,,,
,,,ETC,OUT-102,50170107,1,원가)기술협력비(외국용역외주비),,용역원가,기술협력비 (5017),원가)기술협력비 (501701),50170107,1,원가)기술협력비(외국용역외주비),,용역원가,기술협력비 (5017),원가)기술협력비 (501701),50170107,1,원가)기술협력비(외국용역외주비),,,,,,,,
,,,ETC,OUT-102,50170109,1,원가)기술협력비(공동도급외주비),,용역원가,기술협력비 (5017),원가)기술협력비 (501701),50170109,1,원가)기술협력비(공동도급외주비),,용역원가,기술협력비 (5017),원가)기술협력비 (501701),50170109,1,원가)기술협력비(공동도급외주비),,,,,,,,
,,,ETC,OUT-102,60116301,1,지급수수료(용역수수료),,일반관리비,판매비및일반관리비 (6011),지급수수료 (601163),60116301,1,지급수수료(용역수수료),,일반관리비,판매비및일반관리비 (6011),지급수수료 (601163),60116301,1,지급수수료(용역수수료),,,,,,,,
,,,ETC,OUT-102,50153103,1,원가)지급수수료(용역수수료),,용역원가,경 비 (5015),원가)지급수수료 (501531),50153103,1,원가)지급수수료(용역수수료),,용역원가,경 비 (5015),원가)지급수수료 (501531),50153103,1,원가)지급수수료(용역수수료),,,,,,,,
,전문컨설팅비,전문컨설팅비,ETC,OUT-201,60116398,1,지급수수료(자문 및 번역 등),,일반관리비,판매비및일반관리비 (6011),지급수수료 (601163),60116398,1,지급수수료(자문 및 번역 등),,일반관리비,판매비및일반관리비 (6011),지급수수료 (601163),60116398,1,지급수수료(자문 및 번역 등),,831,,지급수수료,,,,
,,,ETC,OUT-201,50153109,1,"원가)지급수수료(자문비,공청회)",,용역원가,경 비 (5015),원가)지급수수료 (501531),50153109,1,"원가)지급수수료(자문비,공청회)",,용역원가,경 비 (5015),원가)지급수수료 (501531),50153109,1,"원가)지급수수료(자문비,공청회)",,,,,,,,
,,,ETC,OUT-201,60114778,1,경상시험연구비(자문료),,일반관리비,판매비및일반관리비 (6011),경상시험연구비 (601147),60114778,1,경상시험연구비(자문료),,일반관리비,판매비및일반관리비 (6011),경상시험연구비 (601147),60114778,1,경상시험연구비(자문료),,,,,,,,
,,,ETC,OUT-201,,,,,,,,,,,,,,,,,,,,,,,,,
,,,ETC,OUT-201,,,,,,,,,,,,,,,,,,,,,,,,,
,,,ETC,OUT-201,,,,,,,,,,,,,,,,,,,,,,,,,
,,,ETC,OUT-201,,,,,,,,,,,,,,,,,,,,,,,,,
기타비용,일반잡비,잡비,ETC,ETC-101,,,,,일반관리비,판매비및일반관리비 (6011),지급수수료 (601163),60116303,1,지급수수료(송금수수료),,일반관리비,판매비및일반관리비 (6011),지급수수료 (601163),60116303,1,지급수수료(송금수수료),,962,,잡손실,,750,,잡비
,,,ETC,ETC-101,,,,,용역원가,경 비 (5015),원가)지급수수료 (501531),50153105,1,원가)지급수수료(수입증지대),,용역원가,경 비 (5015),원가)지급수수료 (501531),50153105,1,원가)지급수수료(수입증지대),,,,,,912,,잡손실
,,,ETC,ETC-101,70312501,1,잡손실,,,영업외비용 (7031),잡손실 (703125),70312501,1,잡손실,,,영업외비용 (7031),잡손실 (703125),70312501,1,잡손실,,,,,,913,,기부금
,대외활동비,기부금,ETC,ETC-201,70311901,1,기부금(지정기부금),,,영업외비용 (7031),기부금 (703119),70311901,1,기부금(지정기부금),,,영업외비용 (7031),기부금 (703119),70311901,1,기부금(지정기부금),,,,,,,,
,,,ETC,ETC-201,70311903,1,기부금(법정기부금),,,영업외비용 (7031),기부금 (703119),70311903,1,기부금(법정기부금),,,영업외비용 (7031),기부금 (703119),70311903,1,기부금(법정기부금),,,,,,,,
,,,ETC,ETC-201,70311905,1,기부금(비지정),,,영업외비용 (7031),기부금 (703119),70311905,1,기부금(비지정),,,영업외비용 (7031),기부금 (703119),70311905,1,기부금(비지정),,,,,,,,
,,,ETC,ETC-201,70311907,1,기부금(특례기부금),,,영업외비용 (7031),기부금 (703119),70311907,1,기부금(특례기부금),,,영업외비용 (7031),기부금 (703119),70311907,1,기부금(특례기부금),,,,,,,,
,보상/변상,손실보전,ETC,ETC-301,60116701,1,대손상각비,,일반관리비,판매비및일반관리비 (6011),대손상각비 (601167),60116701,1,대손상각비,,일반관리비,판매비및일반관리비 (6011),대손상각비 (601167),60116701,1,대손상각비,,,,,,,,
,,,ETC,ETC-301,70311501,1,외환차손,,,영업외비용 (7031),외환차손 (703115),70311501,1,외환차손,,,영업외비용 (7031),외환차손 (703115),70311501,1,외환차손,,,,,,,,
,,,ETC,ETC-301,70311701,1,외화환산손실,,,영업외비용 (7031),외화환산손실 (703117),70311701,1,외화환산손실,,,영업외비용 (7031),외화환산손실 (703117),70311701,1,외화환산손실,,,,,,,,
,,,ETC,ETC-301,70315301,1,차입금상환손실,,,영업외비용 (7031),차입금상환손실 (703153),70315301,1,차입금상환손실,,,영업외비용 (7031),차입금상환손실 (703153),70315301,1,차입금상환손실,,,,,,,,
,,,ETC,ETC-301,70315501,1,지급보증충당부채전입,,,영업외비용 (7031),지급보증충당부채전입 (703155),70315501,1,지급보증충당부채전입,,,영업외비용 (7031),지급보증충당부채전입 (703155),70315501,1,지급보증충당부채전입,,,,,,,,
,,보상처리,ETC,ETC-302,70313501,1,배상금,,,영업외비용 (7031),배상금 (703135),70313501,1,배상금,,,영업외비용 (7031),배상금 (703135),70313501,1,배상금,,,,,,,,
,,,,,,,,,,,,,,,,용역원가,경 비 (5015),원가)감가상각비 (501505),50150510,1,원가)감가상각비(시설장치),,,,,,,,
